-- ============================================================
-- Seed: catálogo de hardware (marcas, modelos, specs de consola)
-- Fuentes: Wikipedia Anexo:Videoconsolas de Sony / Microsoft / Nintendo
-- Generado: 2026-04-14
-- 73 modelos: Sony (24) · Microsoft (15) · Nintendo (34)
-- ============================================================
-- Ejecutar en el SQL Editor de Supabase.
-- Idempotente: ON CONFLICT (id) DO NOTHING en todas las tablas.
-- ============================================================

BEGIN;

-- ─────────────────────────────────────────────────────────────
-- MARCAS
-- ─────────────────────────────────────────────────────────────
INSERT INTO hardware_brands (id, name) VALUES
  ('10000000-0000-0000-0000-000000000001', 'Sony'),
  ('10000000-0000-0000-0000-000000000002', 'Microsoft'),
  ('10000000-0000-0000-0000-000000000003', 'Nintendo')
ON CONFLICT (id) DO NOTHING;


-- ─────────────────────────────────────────────────────────────
-- MODELOS — Sony
-- ─────────────────────────────────────────────────────────────
INSERT INTO hardware_models (id, brand_id, name, type, generation) VALUES
  ('20000000-0000-0000-0001-000000000001', '10000000-0000-0000-0000-000000000001', 'PlayStation',              'console', 5),
  ('20000000-0000-0000-0001-000000000002', '10000000-0000-0000-0000-000000000001', 'PocketStation',            'console', 5),
  ('20000000-0000-0000-0001-000000000003', '10000000-0000-0000-0000-000000000001', 'PSOne',                    'console', 5),
  ('20000000-0000-0000-0001-000000000004', '10000000-0000-0000-0000-000000000001', 'PlayStation 2',            'console', 6),
  ('20000000-0000-0000-0001-000000000005', '10000000-0000-0000-0000-000000000001', 'PSX',                      'console', 6),
  ('20000000-0000-0000-0001-000000000006', '10000000-0000-0000-0000-000000000001', 'PlayStation 2 Slim',       'console', 6),
  ('20000000-0000-0000-0001-000000000007', '10000000-0000-0000-0000-000000000001', 'PlayStation Portable',     'console', 7),
  ('20000000-0000-0000-0001-000000000008', '10000000-0000-0000-0000-000000000001', 'PlayStation 3',            'console', 7),
  ('20000000-0000-0000-0001-000000000009', '10000000-0000-0000-0000-000000000001', 'PSP Slim & Lite',          'console', 7),
  ('20000000-0000-0000-0001-000000000010', '10000000-0000-0000-0000-000000000001', 'PSP-3000',                 'console', 7),
  ('20000000-0000-0000-0001-000000000011', '10000000-0000-0000-0000-000000000001', 'PlayStation 3 Slim',       'console', 7),
  ('20000000-0000-0000-0001-000000000012', '10000000-0000-0000-0000-000000000001', 'PSP Go',                   'console', 7),
  ('20000000-0000-0000-0001-000000000013', '10000000-0000-0000-0000-000000000001', 'PSP Street',               'console', 7),
  ('20000000-0000-0000-0001-000000000014', '10000000-0000-0000-0000-000000000001', 'PlayStation 3 Super Slim', 'console', 7),
  ('20000000-0000-0000-0001-000000000015', '10000000-0000-0000-0000-000000000001', 'PlayStation Vita',         'console', 8),
  ('20000000-0000-0000-0001-000000000016', '10000000-0000-0000-0000-000000000001', 'PlayStation 4',            'console', 8),
  ('20000000-0000-0000-0001-000000000017', '10000000-0000-0000-0000-000000000001', 'PS Vita Slim',             'console', 8),
  ('20000000-0000-0000-0001-000000000018', '10000000-0000-0000-0000-000000000001', 'PlayStation 4 Slim',       'console', 8),
  ('20000000-0000-0000-0001-000000000019', '10000000-0000-0000-0000-000000000001', 'PlayStation 4 Pro',        'console', 8),
  ('20000000-0000-0000-0001-000000000020', '10000000-0000-0000-0000-000000000001', 'PlayStation Classic',      'console', 8),
  ('20000000-0000-0000-0001-000000000021', '10000000-0000-0000-0000-000000000001', 'PlayStation 5',            'console', 9),
  ('20000000-0000-0000-0001-000000000022', '10000000-0000-0000-0000-000000000001', 'PlayStation 5 Digital',    'console', 9),
  ('20000000-0000-0000-0001-000000000023', '10000000-0000-0000-0000-000000000001', 'PlayStation 5 Slim',       'console', 9),
  ('20000000-0000-0000-0001-000000000024', '10000000-0000-0000-0000-000000000001', 'PlayStation 5 Pro',        'console', 9)
ON CONFLICT (id) DO NOTHING;


-- ─────────────────────────────────────────────────────────────
-- MODELOS — Microsoft
-- ─────────────────────────────────────────────────────────────
INSERT INTO hardware_models (id, brand_id, name, type, generation) VALUES
  ('20000000-0000-0000-0002-000000000001', '10000000-0000-0000-0000-000000000002', 'Xbox',                        'console', 6),
  ('20000000-0000-0000-0002-000000000002', '10000000-0000-0000-0000-000000000002', 'Xbox 360',                    'console', 7),
  ('20000000-0000-0000-0002-000000000003', '10000000-0000-0000-0000-000000000002', 'Xbox 360 Premium',            'console', 7),
  ('20000000-0000-0000-0002-000000000004', '10000000-0000-0000-0000-000000000002', 'Xbox 360 Elite',              'console', 7),
  ('20000000-0000-0000-0002-000000000005', '10000000-0000-0000-0000-000000000002', 'Xbox 360 S',                  'console', 7),
  ('20000000-0000-0000-0002-000000000006', '10000000-0000-0000-0000-000000000002', 'Xbox 360 E',                  'console', 7),
  ('20000000-0000-0000-0002-000000000007', '10000000-0000-0000-0000-000000000002', 'Xbox One',                    'console', 8),
  ('20000000-0000-0000-0002-000000000008', '10000000-0000-0000-0000-000000000002', 'Xbox One S',                  'console', 8),
  ('20000000-0000-0000-0002-000000000009', '10000000-0000-0000-0000-000000000002', 'Xbox One X',                  'console', 8),
  ('20000000-0000-0000-0002-000000000010', '10000000-0000-0000-0000-000000000002', 'Xbox One S All-Digital',      'console', 8),
  ('20000000-0000-0000-0002-000000000011', '10000000-0000-0000-0000-000000000002', 'Xbox Series X',               'console', 9),
  ('20000000-0000-0000-0002-000000000012', '10000000-0000-0000-0000-000000000002', 'Xbox Series S',               'console', 9),
  ('20000000-0000-0000-0002-000000000013', '10000000-0000-0000-0000-000000000002', 'Xbox Series S Robot White',   'console', 9),
  ('20000000-0000-0000-0002-000000000014', '10000000-0000-0000-0000-000000000002', 'Xbox Series X Digital Edition','console', 9),
  ('20000000-0000-0000-0002-000000000015', '10000000-0000-0000-0000-000000000002', 'Xbox Series X Galaxy Edition', 'console', 9)
ON CONFLICT (id) DO NOTHING;


-- ─────────────────────────────────────────────────────────────
-- MODELOS — Nintendo
-- ─────────────────────────────────────────────────────────────
INSERT INTO hardware_models (id, brand_id, name, type, generation) VALUES
  ('20000000-0000-0000-0003-000000000001', '10000000-0000-0000-0000-000000000003', 'Color TV-Game',         'console', 1),
  ('20000000-0000-0000-0003-000000000002', '10000000-0000-0000-0000-000000000003', 'Game & Watch',          'console', 2),
  ('20000000-0000-0000-0003-000000000003', '10000000-0000-0000-0000-000000000003', 'Famicom',               'console', 3),
  ('20000000-0000-0000-0003-000000000004', '10000000-0000-0000-0000-000000000003', 'NES',                   'console', 3),
  ('20000000-0000-0000-0003-000000000005', '10000000-0000-0000-0000-000000000003', 'NES-101',               'console', 3),
  ('20000000-0000-0000-0003-000000000006', '10000000-0000-0000-0000-000000000003', 'Game Boy',              'console', 4),
  ('20000000-0000-0000-0003-000000000007', '10000000-0000-0000-0000-000000000003', 'Super Nintendo',        'console', 4),
  ('20000000-0000-0000-0003-000000000008', '10000000-0000-0000-0000-000000000003', 'Game Boy Pocket',       'console', 4),
  ('20000000-0000-0000-0003-000000000009', '10000000-0000-0000-0000-000000000003', 'Game Boy Light',        'console', 4),
  ('20000000-0000-0000-0003-000000000010', '10000000-0000-0000-0000-000000000003', 'Virtual Boy',           'console', 5),
  ('20000000-0000-0000-0003-000000000011', '10000000-0000-0000-0000-000000000003', 'Nintendo 64',           'console', 5),
  ('20000000-0000-0000-0003-000000000012', '10000000-0000-0000-0000-000000000003', 'Game Boy Color',        'console', 5),
  ('20000000-0000-0000-0003-000000000013', '10000000-0000-0000-0000-000000000003', 'GameCube',              'console', 6),
  ('20000000-0000-0000-0003-000000000014', '10000000-0000-0000-0000-000000000003', 'Game Boy Advance',      'console', 6),
  ('20000000-0000-0000-0003-000000000015', '10000000-0000-0000-0000-000000000003', 'Game Boy Advance SP',   'console', 6),
  ('20000000-0000-0000-0003-000000000016', '10000000-0000-0000-0000-000000000003', 'Game Boy Micro',        'console', 6),
  ('20000000-0000-0000-0003-000000000017', '10000000-0000-0000-0000-000000000003', 'Nintendo DS',           'console', 7),
  ('20000000-0000-0000-0003-000000000018', '10000000-0000-0000-0000-000000000003', 'Wii',                   'console', 7),
  ('20000000-0000-0000-0003-000000000019', '10000000-0000-0000-0000-000000000003', 'DS Lite',               'console', 7),
  ('20000000-0000-0000-0003-000000000020', '10000000-0000-0000-0000-000000000003', 'DSi',                   'console', 7),
  ('20000000-0000-0000-0003-000000000021', '10000000-0000-0000-0000-000000000003', 'DSi XL',                'console', 7),
  ('20000000-0000-0000-0003-000000000022', '10000000-0000-0000-0000-000000000003', 'Nintendo 3DS',          'console', 8),
  ('20000000-0000-0000-0003-000000000023', '10000000-0000-0000-0000-000000000003', 'Nintendo 3DS XL',       'console', 8),
  ('20000000-0000-0000-0003-000000000024', '10000000-0000-0000-0000-000000000003', 'Wii U',                 'console', 8),
  ('20000000-0000-0000-0003-000000000025', '10000000-0000-0000-0000-000000000003', 'Nintendo 2DS',          'console', 8),
  ('20000000-0000-0000-0003-000000000026', '10000000-0000-0000-0000-000000000003', 'New Nintendo 3DS',      'console', 8),
  ('20000000-0000-0000-0003-000000000027', '10000000-0000-0000-0000-000000000003', 'New Nintendo 3DS XL',   'console', 8),
  ('20000000-0000-0000-0003-000000000028', '10000000-0000-0000-0000-000000000003', 'NES Classic Edition',   'console', 8),
  ('20000000-0000-0000-0003-000000000029', '10000000-0000-0000-0000-000000000003', 'New Nintendo 2DS XL',   'console', 8),
  ('20000000-0000-0000-0003-000000000030', '10000000-0000-0000-0000-000000000003', 'SNES Classic Edition',  'console', 8),
  ('20000000-0000-0000-0003-000000000031', '10000000-0000-0000-0000-000000000003', 'Nintendo Switch',       'console', 8),
  ('20000000-0000-0000-0003-000000000032', '10000000-0000-0000-0000-000000000003', 'Switch Lite',           'console', 8),
  ('20000000-0000-0000-0003-000000000033', '10000000-0000-0000-0000-000000000003', 'Switch OLED',           'console', 8),
  ('20000000-0000-0000-0003-000000000034', '10000000-0000-0000-0000-000000000003', 'Nintendo Switch 2',     'console', 9)
ON CONFLICT (id) DO NOTHING;


-- ─────────────────────────────────────────────────────────────
-- SPECS DE CONSOLA — Sony
-- Columnas: model_id | launch_year | discontinued_year | category | media | video_resolution | units_sold_million
-- ─────────────────────────────────────────────────────────────
INSERT INTO hardware_console_specs (model_id, launch_year, discontinued_year, category, media, video_resolution, units_sold_million) VALUES
  ('20000000-0000-0000-0001-000000000001', 1994, 2000, 'home',     'optical_disc', '640×480',  104),
  ('20000000-0000-0000-0001-000000000002', 1999, 2008, 'portable', 'optical_disc', NULL,         5),
  ('20000000-0000-0000-0001-000000000003', 2000, 2005, 'home',     'optical_disc', '640×480',  104),
  ('20000000-0000-0000-0001-000000000004', 2000, 2004, 'home',     'optical_disc', '480p',     150),
  ('20000000-0000-0000-0001-000000000005', 2003, 2016, 'hybrid',   'optical_disc', '480p',    NULL),
  ('20000000-0000-0000-0001-000000000006', 2004, 2013, 'home',     'optical_disc', '480p',     150),
  ('20000000-0000-0000-0001-000000000007', 2005, 2007, 'portable', 'optical_disc', '480×272',   80),
  ('20000000-0000-0000-0001-000000000008', 2006, 2010, 'home',     'optical_disc', '1080p',     86),
  ('20000000-0000-0000-0001-000000000009', 2007, 2010, 'portable', 'optical_disc', '480×272',   80),
  ('20000000-0000-0000-0001-000000000010', 2008, 2014, 'portable', 'optical_disc', '480×272',   80),
  ('20000000-0000-0000-0001-000000000011', 2009, 2016, 'home',     'optical_disc', '1080p',     86),
  ('20000000-0000-0000-0001-000000000012', 2009, 2011, 'portable', 'digital',      '480×272',   80),
  ('20000000-0000-0000-0001-000000000013', 2011, 2015, 'portable', 'optical_disc', '480×272',   80),
  ('20000000-0000-0000-0001-000000000014', 2012, 2017, 'home',     'optical_disc', '1080p',     86),
  ('20000000-0000-0000-0001-000000000015', 2011, 2016, 'portable', 'cartridge',    '960×544',   16),
  ('20000000-0000-0000-0001-000000000016', 2013, 2017, 'home',     'optical_disc', '1080p',    117),
  ('20000000-0000-0000-0001-000000000017', 2014, 2017, 'portable', 'cartridge',    '960×544',   16),
  ('20000000-0000-0000-0001-000000000018', 2016, 2022, 'home',     'optical_disc', '1080p',    117),
  ('20000000-0000-0000-0001-000000000019', 2017, 2022, 'home',     'optical_disc', '4K',       117),
  ('20000000-0000-0000-0001-000000000020', 2018, NULL, 'home',     'built_in',     '480p',    NULL),
  ('20000000-0000-0000-0001-000000000021', 2020, NULL, 'home',     'optical_disc', '4K',        67),
  ('20000000-0000-0000-0001-000000000022', 2020, NULL, 'home',     'digital',      '4K',        67),
  ('20000000-0000-0000-0001-000000000023', 2023, NULL, 'home',     'hybrid',       '4K',        67),
  ('20000000-0000-0000-0001-000000000024', 2024, NULL, 'home',     'digital',      '4K',        67)
ON CONFLICT (model_id) DO NOTHING;


-- ─────────────────────────────────────────────────────────────
-- SPECS DE CONSOLA — Microsoft
-- ─────────────────────────────────────────────────────────────
INSERT INTO hardware_console_specs (model_id, launch_year, discontinued_year, category, media, video_resolution, units_sold_million) VALUES
  ('20000000-0000-0000-0002-000000000001', 2001, 2006, 'home', 'optical_disc', '480p',   24),
  ('20000000-0000-0000-0002-000000000002', 2005, 2009, 'home', 'optical_disc', '720p',   85),
  ('20000000-0000-0000-0002-000000000003', 2005, 2009, 'home', 'optical_disc', '720p',   85),
  ('20000000-0000-0000-0002-000000000004', 2007, 2010, 'home', 'optical_disc', '1080p',  85),
  ('20000000-0000-0000-0002-000000000005', 2010, 2013, 'home', 'optical_disc', '1080p',  85),
  ('20000000-0000-0000-0002-000000000006', 2013, 2016, 'home', 'optical_disc', '1080p',  85),
  ('20000000-0000-0000-0002-000000000007', 2013, 2017, 'home', 'optical_disc', '1080p',  51),
  ('20000000-0000-0000-0002-000000000008', 2016, 2022, 'home', 'optical_disc', '1080p',  51),
  ('20000000-0000-0000-0002-000000000009', 2017, 2022, 'home', 'optical_disc', '4K',     51),
  ('20000000-0000-0000-0002-000000000010', 2019, 2022, 'home', 'digital',      '1080p',  51),
  ('20000000-0000-0000-0002-000000000011', 2020, NULL, 'home', 'hybrid',       '4K',     31),
  ('20000000-0000-0000-0002-000000000012', 2020, NULL, 'home', 'digital',      '1440p',  31),
  ('20000000-0000-0000-0002-000000000013', 2024, NULL, 'home', 'digital',      '1440p',  31),
  ('20000000-0000-0000-0002-000000000014', 2024, NULL, 'home', 'digital',      '4K',     31),
  ('20000000-0000-0000-0002-000000000015', 2024, NULL, 'home', 'hybrid',       '4K',     31)
ON CONFLICT (model_id) DO NOTHING;


-- ─────────────────────────────────────────────────────────────
-- SPECS DE CONSOLA — Nintendo
-- ─────────────────────────────────────────────────────────────
INSERT INTO hardware_console_specs (model_id, launch_year, discontinued_year, category, media, video_resolution, units_sold_million) VALUES
  ('20000000-0000-0000-0003-000000000001', 1977, 1983, 'home',     'built_in',  NULL,       3),
  ('20000000-0000-0000-0003-000000000002', 1980, 1991, 'portable', 'built_in',  NULL,      40),
  ('20000000-0000-0000-0003-000000000003', 1983, 1993, 'home',     'cartridge', '256×240', 61),
  ('20000000-0000-0000-0003-000000000004', 1985, 1995, 'home',     'cartridge', '256×240', 61),
  ('20000000-0000-0000-0003-000000000005', 1993, 2003, 'home',     'cartridge', '256×240', 61),
  ('20000000-0000-0000-0003-000000000006', 1989, 1998, 'portable', 'cartridge', '160×144', 118),
  ('20000000-0000-0000-0003-000000000007', 1990, 1999, 'home',     'cartridge', '256×240', 49),
  ('20000000-0000-0000-0003-000000000008', 1995, 2000, 'portable', 'cartridge', '160×144', 118),
  ('20000000-0000-0000-0003-000000000009', 1997, 2003, 'portable', 'cartridge', '160×144', 56),
  ('20000000-0000-0000-0003-000000000010', 1995, 1996, 'portable', 'cartridge', '384×224', 0.77),
  ('20000000-0000-0000-0003-000000000011', 1996, 2003, 'home',     'cartridge', '640×480', 32),
  ('20000000-0000-0000-0003-000000000012', 1998, 2004, 'portable', 'cartridge', '160×144', 118),
  ('20000000-0000-0000-0003-000000000013', 2001, 2007, 'home',     'optical_disc','480p',  21),
  ('20000000-0000-0000-0003-000000000014', 2001, 2008, 'portable', 'cartridge', '240×160', 81),
  ('20000000-0000-0000-0003-000000000015', 2003, 2008, 'portable', 'cartridge', '240×160', 43),
  ('20000000-0000-0000-0003-000000000016', 2004, 2008, 'portable', 'cartridge', '240×160', 2.4),
  ('20000000-0000-0000-0003-000000000017', 2004, 2007, 'portable', 'cartridge', '256×192', 154),
  ('20000000-0000-0000-0003-000000000018', 2006, 2016, 'home',     'optical_disc','480p',  101),
  ('20000000-0000-0000-0003-000000000019', 2006, 2012, 'portable', 'cartridge', '256×192', 154),
  ('20000000-0000-0000-0003-000000000020', 2008, 2013, 'portable', 'cartridge', '256×192', 154),
  ('20000000-0000-0000-0003-000000000021', 2010, 2013, 'portable', 'cartridge', '256×192', 154),
  ('20000000-0000-0000-0003-000000000022', 2011, 2017, 'portable', 'cartridge', '400×240', 75),
  ('20000000-0000-0000-0003-000000000023', 2012, 2017, 'portable', 'cartridge', '400×240', 75),
  ('20000000-0000-0000-0003-000000000024', 2012, 2017, 'home',     'optical_disc','1080p', 14),
  ('20000000-0000-0000-0003-000000000025', 2013, 2018, 'portable', 'cartridge', '400×240', 75),
  ('20000000-0000-0000-0003-000000000026', 2014, 2019, 'portable', 'cartridge', '400×240', 75),
  ('20000000-0000-0000-0003-000000000027', 2014, 2019, 'portable', 'cartridge', '400×240', 75),
  ('20000000-0000-0000-0003-000000000028', 2016, NULL, 'home',     'built_in',  '480p',    2.3),
  ('20000000-0000-0000-0003-000000000029', 2017, 2020, 'portable', 'cartridge', '400×240', 75),
  ('20000000-0000-0000-0003-000000000030', 2017, NULL, 'home',     'built_in',  '480p',    5.3),
  ('20000000-0000-0000-0003-000000000031', 2017, NULL, 'hybrid',   'cartridge', '1080p',   153),
  ('20000000-0000-0000-0003-000000000032', 2019, NULL, 'portable', 'cartridge', '720p',    153),
  ('20000000-0000-0000-0003-000000000033', 2021, NULL, 'hybrid',   'cartridge', '1080p',   153),
  ('20000000-0000-0000-0003-000000000034', 2025, NULL, 'hybrid',   'cartridge', '4K',      8.67)
ON CONFLICT (model_id) DO NOTHING;

COMMIT;
