-- ============================================================
-- Seed: catálogo de hardware (marcas, modelos, especificaciones, ediciones)
-- Regenerado desde Supabase: 2026-05-03
-- 3 marcas · 74 modelos · 74 specs de consola · 40 ediciones
-- ============================================================
-- Ejecutar en el SQL Editor de Supabase. Orden importante (FKs):
--   1. hardware_brands
--   2. hardware_models      (FK → brands)
--   3. hardware_console_specs (FK → models)
--   4. hardware_editions    (FK → models)
-- Idempotente: ON CONFLICT DO NOTHING en todas las filas.
-- Generado vía: pg_dump --data-only --table=public.hardware_*
--              --inserts --on-conflict-do-nothing
-- ============================================================

BEGIN;

-- ─── hardware_brands ───────────────────────────────────────────
INSERT INTO public.hardware_brands VALUES ('10000000-0000-0000-0000-000000000001', 'Sony') ON CONFLICT DO NOTHING;
INSERT INTO public.hardware_brands VALUES ('10000000-0000-0000-0000-000000000002', 'Microsoft') ON CONFLICT DO NOTHING;
INSERT INTO public.hardware_brands VALUES ('10000000-0000-0000-0000-000000000003', 'Nintendo') ON CONFLICT DO NOTHING;

-- ─── hardware_models ───────────────────────────────────────────
INSERT INTO public.hardware_models VALUES ('20000000-0000-0000-0001-000000000001', '10000000-0000-0000-0000-000000000001', 'PlayStation', 'console', 5) ON CONFLICT DO NOTHING;
INSERT INTO public.hardware_models VALUES ('20000000-0000-0000-0001-000000000002', '10000000-0000-0000-0000-000000000001', 'PocketStation', 'console', 5) ON CONFLICT DO NOTHING;
INSERT INTO public.hardware_models VALUES ('20000000-0000-0000-0001-000000000003', '10000000-0000-0000-0000-000000000001', 'PSOne', 'console', 5) ON CONFLICT DO NOTHING;
INSERT INTO public.hardware_models VALUES ('20000000-0000-0000-0001-000000000004', '10000000-0000-0000-0000-000000000001', 'PlayStation 2', 'console', 6) ON CONFLICT DO NOTHING;
INSERT INTO public.hardware_models VALUES ('20000000-0000-0000-0001-000000000005', '10000000-0000-0000-0000-000000000001', 'PSX', 'console', 6) ON CONFLICT DO NOTHING;
INSERT INTO public.hardware_models VALUES ('20000000-0000-0000-0001-000000000006', '10000000-0000-0000-0000-000000000001', 'PlayStation 2 Slim', 'console', 6) ON CONFLICT DO NOTHING;
INSERT INTO public.hardware_models VALUES ('20000000-0000-0000-0001-000000000007', '10000000-0000-0000-0000-000000000001', 'PlayStation Portable', 'console', 7) ON CONFLICT DO NOTHING;
INSERT INTO public.hardware_models VALUES ('20000000-0000-0000-0001-000000000008', '10000000-0000-0000-0000-000000000001', 'PlayStation 3', 'console', 7) ON CONFLICT DO NOTHING;
INSERT INTO public.hardware_models VALUES ('20000000-0000-0000-0001-000000000009', '10000000-0000-0000-0000-000000000001', 'PSP Slim & Lite', 'console', 7) ON CONFLICT DO NOTHING;
INSERT INTO public.hardware_models VALUES ('20000000-0000-0000-0001-000000000010', '10000000-0000-0000-0000-000000000001', 'PSP-3000', 'console', 7) ON CONFLICT DO NOTHING;
INSERT INTO public.hardware_models VALUES ('20000000-0000-0000-0001-000000000011', '10000000-0000-0000-0000-000000000001', 'PlayStation 3 Slim', 'console', 7) ON CONFLICT DO NOTHING;
INSERT INTO public.hardware_models VALUES ('20000000-0000-0000-0001-000000000012', '10000000-0000-0000-0000-000000000001', 'PSP Go', 'console', 7) ON CONFLICT DO NOTHING;
INSERT INTO public.hardware_models VALUES ('20000000-0000-0000-0001-000000000013', '10000000-0000-0000-0000-000000000001', 'PSP Street', 'console', 7) ON CONFLICT DO NOTHING;
INSERT INTO public.hardware_models VALUES ('20000000-0000-0000-0001-000000000014', '10000000-0000-0000-0000-000000000001', 'PlayStation 3 Super Slim', 'console', 7) ON CONFLICT DO NOTHING;
INSERT INTO public.hardware_models VALUES ('20000000-0000-0000-0001-000000000015', '10000000-0000-0000-0000-000000000001', 'PlayStation Vita', 'console', 8) ON CONFLICT DO NOTHING;
INSERT INTO public.hardware_models VALUES ('20000000-0000-0000-0001-000000000016', '10000000-0000-0000-0000-000000000001', 'PlayStation 4', 'console', 8) ON CONFLICT DO NOTHING;
INSERT INTO public.hardware_models VALUES ('20000000-0000-0000-0001-000000000017', '10000000-0000-0000-0000-000000000001', 'PS Vita Slim', 'console', 8) ON CONFLICT DO NOTHING;
INSERT INTO public.hardware_models VALUES ('20000000-0000-0000-0001-000000000018', '10000000-0000-0000-0000-000000000001', 'PlayStation 4 Slim', 'console', 8) ON CONFLICT DO NOTHING;
INSERT INTO public.hardware_models VALUES ('20000000-0000-0000-0001-000000000019', '10000000-0000-0000-0000-000000000001', 'PlayStation 4 Pro', 'console', 8) ON CONFLICT DO NOTHING;
INSERT INTO public.hardware_models VALUES ('20000000-0000-0000-0001-000000000020', '10000000-0000-0000-0000-000000000001', 'PlayStation Classic', 'console', 8) ON CONFLICT DO NOTHING;
INSERT INTO public.hardware_models VALUES ('20000000-0000-0000-0001-000000000021', '10000000-0000-0000-0000-000000000001', 'PlayStation 5', 'console', 9) ON CONFLICT DO NOTHING;
INSERT INTO public.hardware_models VALUES ('20000000-0000-0000-0001-000000000022', '10000000-0000-0000-0000-000000000001', 'PlayStation 5 Digital', 'console', 9) ON CONFLICT DO NOTHING;
INSERT INTO public.hardware_models VALUES ('20000000-0000-0000-0001-000000000023', '10000000-0000-0000-0000-000000000001', 'PlayStation 5 Slim', 'console', 9) ON CONFLICT DO NOTHING;
INSERT INTO public.hardware_models VALUES ('20000000-0000-0000-0001-000000000024', '10000000-0000-0000-0000-000000000001', 'PlayStation 5 Pro', 'console', 9) ON CONFLICT DO NOTHING;
INSERT INTO public.hardware_models VALUES ('20000000-0000-0000-0002-000000000001', '10000000-0000-0000-0000-000000000002', 'Xbox', 'console', 6) ON CONFLICT DO NOTHING;
INSERT INTO public.hardware_models VALUES ('20000000-0000-0000-0002-000000000002', '10000000-0000-0000-0000-000000000002', 'Xbox 360', 'console', 7) ON CONFLICT DO NOTHING;
INSERT INTO public.hardware_models VALUES ('20000000-0000-0000-0002-000000000003', '10000000-0000-0000-0000-000000000002', 'Xbox 360 Premium', 'console', 7) ON CONFLICT DO NOTHING;
INSERT INTO public.hardware_models VALUES ('20000000-0000-0000-0002-000000000004', '10000000-0000-0000-0000-000000000002', 'Xbox 360 Elite', 'console', 7) ON CONFLICT DO NOTHING;
INSERT INTO public.hardware_models VALUES ('20000000-0000-0000-0002-000000000005', '10000000-0000-0000-0000-000000000002', 'Xbox 360 S', 'console', 7) ON CONFLICT DO NOTHING;
INSERT INTO public.hardware_models VALUES ('20000000-0000-0000-0002-000000000006', '10000000-0000-0000-0000-000000000002', 'Xbox 360 E', 'console', 7) ON CONFLICT DO NOTHING;
INSERT INTO public.hardware_models VALUES ('20000000-0000-0000-0002-000000000007', '10000000-0000-0000-0000-000000000002', 'Xbox One', 'console', 8) ON CONFLICT DO NOTHING;
INSERT INTO public.hardware_models VALUES ('20000000-0000-0000-0002-000000000008', '10000000-0000-0000-0000-000000000002', 'Xbox One S', 'console', 8) ON CONFLICT DO NOTHING;
INSERT INTO public.hardware_models VALUES ('20000000-0000-0000-0002-000000000009', '10000000-0000-0000-0000-000000000002', 'Xbox One X', 'console', 8) ON CONFLICT DO NOTHING;
INSERT INTO public.hardware_models VALUES ('20000000-0000-0000-0002-000000000010', '10000000-0000-0000-0000-000000000002', 'Xbox One S All-Digital', 'console', 8) ON CONFLICT DO NOTHING;
INSERT INTO public.hardware_models VALUES ('20000000-0000-0000-0002-000000000011', '10000000-0000-0000-0000-000000000002', 'Xbox Series X', 'console', 9) ON CONFLICT DO NOTHING;
INSERT INTO public.hardware_models VALUES ('20000000-0000-0000-0002-000000000012', '10000000-0000-0000-0000-000000000002', 'Xbox Series S', 'console', 9) ON CONFLICT DO NOTHING;
INSERT INTO public.hardware_models VALUES ('20000000-0000-0000-0002-000000000013', '10000000-0000-0000-0000-000000000002', 'Xbox Series S Robot White', 'console', 9) ON CONFLICT DO NOTHING;
INSERT INTO public.hardware_models VALUES ('20000000-0000-0000-0002-000000000014', '10000000-0000-0000-0000-000000000002', 'Xbox Series X Digital Edition', 'console', 9) ON CONFLICT DO NOTHING;
INSERT INTO public.hardware_models VALUES ('20000000-0000-0000-0002-000000000015', '10000000-0000-0000-0000-000000000002', 'Xbox Series X Galaxy Edition', 'console', 9) ON CONFLICT DO NOTHING;
INSERT INTO public.hardware_models VALUES ('20000000-0000-0000-0003-000000000001', '10000000-0000-0000-0000-000000000003', 'Color TV-Game', 'console', 1) ON CONFLICT DO NOTHING;
INSERT INTO public.hardware_models VALUES ('20000000-0000-0000-0003-000000000002', '10000000-0000-0000-0000-000000000003', 'Game & Watch', 'console', 2) ON CONFLICT DO NOTHING;
INSERT INTO public.hardware_models VALUES ('20000000-0000-0000-0003-000000000003', '10000000-0000-0000-0000-000000000003', 'Famicom', 'console', 3) ON CONFLICT DO NOTHING;
INSERT INTO public.hardware_models VALUES ('20000000-0000-0000-0003-000000000004', '10000000-0000-0000-0000-000000000003', 'NES', 'console', 3) ON CONFLICT DO NOTHING;
INSERT INTO public.hardware_models VALUES ('20000000-0000-0000-0003-000000000005', '10000000-0000-0000-0000-000000000003', 'NES-101', 'console', 3) ON CONFLICT DO NOTHING;
INSERT INTO public.hardware_models VALUES ('20000000-0000-0000-0003-000000000006', '10000000-0000-0000-0000-000000000003', 'Game Boy', 'console', 4) ON CONFLICT DO NOTHING;
INSERT INTO public.hardware_models VALUES ('20000000-0000-0000-0003-000000000007', '10000000-0000-0000-0000-000000000003', 'Super Nintendo', 'console', 4) ON CONFLICT DO NOTHING;
INSERT INTO public.hardware_models VALUES ('20000000-0000-0000-0003-000000000008', '10000000-0000-0000-0000-000000000003', 'Game Boy Pocket', 'console', 4) ON CONFLICT DO NOTHING;
INSERT INTO public.hardware_models VALUES ('20000000-0000-0000-0003-000000000009', '10000000-0000-0000-0000-000000000003', 'Game Boy Light', 'console', 4) ON CONFLICT DO NOTHING;
INSERT INTO public.hardware_models VALUES ('20000000-0000-0000-0003-000000000010', '10000000-0000-0000-0000-000000000003', 'Virtual Boy', 'console', 5) ON CONFLICT DO NOTHING;
INSERT INTO public.hardware_models VALUES ('20000000-0000-0000-0003-000000000011', '10000000-0000-0000-0000-000000000003', 'Nintendo 64', 'console', 5) ON CONFLICT DO NOTHING;
INSERT INTO public.hardware_models VALUES ('20000000-0000-0000-0003-000000000012', '10000000-0000-0000-0000-000000000003', 'Game Boy Color', 'console', 5) ON CONFLICT DO NOTHING;
INSERT INTO public.hardware_models VALUES ('20000000-0000-0000-0003-000000000013', '10000000-0000-0000-0000-000000000003', 'GameCube', 'console', 6) ON CONFLICT DO NOTHING;
INSERT INTO public.hardware_models VALUES ('20000000-0000-0000-0003-000000000014', '10000000-0000-0000-0000-000000000003', 'Game Boy Advance', 'console', 6) ON CONFLICT DO NOTHING;
INSERT INTO public.hardware_models VALUES ('20000000-0000-0000-0003-000000000015', '10000000-0000-0000-0000-000000000003', 'Game Boy Advance SP', 'console', 6) ON CONFLICT DO NOTHING;
INSERT INTO public.hardware_models VALUES ('20000000-0000-0000-0003-000000000016', '10000000-0000-0000-0000-000000000003', 'Game Boy Micro', 'console', 6) ON CONFLICT DO NOTHING;
INSERT INTO public.hardware_models VALUES ('20000000-0000-0000-0003-000000000017', '10000000-0000-0000-0000-000000000003', 'Nintendo DS', 'console', 7) ON CONFLICT DO NOTHING;
INSERT INTO public.hardware_models VALUES ('20000000-0000-0000-0003-000000000018', '10000000-0000-0000-0000-000000000003', 'Wii', 'console', 7) ON CONFLICT DO NOTHING;
INSERT INTO public.hardware_models VALUES ('20000000-0000-0000-0003-000000000019', '10000000-0000-0000-0000-000000000003', 'DS Lite', 'console', 7) ON CONFLICT DO NOTHING;
INSERT INTO public.hardware_models VALUES ('20000000-0000-0000-0003-000000000020', '10000000-0000-0000-0000-000000000003', 'DSi', 'console', 7) ON CONFLICT DO NOTHING;
INSERT INTO public.hardware_models VALUES ('20000000-0000-0000-0003-000000000021', '10000000-0000-0000-0000-000000000003', 'DSi XL', 'console', 7) ON CONFLICT DO NOTHING;
INSERT INTO public.hardware_models VALUES ('20000000-0000-0000-0003-000000000022', '10000000-0000-0000-0000-000000000003', 'Nintendo 3DS', 'console', 8) ON CONFLICT DO NOTHING;
INSERT INTO public.hardware_models VALUES ('20000000-0000-0000-0003-000000000023', '10000000-0000-0000-0000-000000000003', 'Nintendo 3DS XL', 'console', 8) ON CONFLICT DO NOTHING;
INSERT INTO public.hardware_models VALUES ('20000000-0000-0000-0003-000000000024', '10000000-0000-0000-0000-000000000003', 'Wii U', 'console', 8) ON CONFLICT DO NOTHING;
INSERT INTO public.hardware_models VALUES ('20000000-0000-0000-0003-000000000025', '10000000-0000-0000-0000-000000000003', 'Nintendo 2DS', 'console', 8) ON CONFLICT DO NOTHING;
INSERT INTO public.hardware_models VALUES ('20000000-0000-0000-0003-000000000026', '10000000-0000-0000-0000-000000000003', 'New Nintendo 3DS', 'console', 8) ON CONFLICT DO NOTHING;
INSERT INTO public.hardware_models VALUES ('20000000-0000-0000-0003-000000000027', '10000000-0000-0000-0000-000000000003', 'New Nintendo 3DS XL', 'console', 8) ON CONFLICT DO NOTHING;
INSERT INTO public.hardware_models VALUES ('20000000-0000-0000-0003-000000000028', '10000000-0000-0000-0000-000000000003', 'NES Classic Edition', 'console', 8) ON CONFLICT DO NOTHING;
INSERT INTO public.hardware_models VALUES ('20000000-0000-0000-0003-000000000029', '10000000-0000-0000-0000-000000000003', 'New Nintendo 2DS XL', 'console', 8) ON CONFLICT DO NOTHING;
INSERT INTO public.hardware_models VALUES ('20000000-0000-0000-0003-000000000030', '10000000-0000-0000-0000-000000000003', 'SNES Classic Edition', 'console', 8) ON CONFLICT DO NOTHING;
INSERT INTO public.hardware_models VALUES ('20000000-0000-0000-0003-000000000031', '10000000-0000-0000-0000-000000000003', 'Nintendo Switch', 'console', 8) ON CONFLICT DO NOTHING;
INSERT INTO public.hardware_models VALUES ('20000000-0000-0000-0003-000000000032', '10000000-0000-0000-0000-000000000003', 'Switch Lite', 'console', 8) ON CONFLICT DO NOTHING;
INSERT INTO public.hardware_models VALUES ('20000000-0000-0000-0003-000000000033', '10000000-0000-0000-0000-000000000003', 'Switch OLED', 'console', 8) ON CONFLICT DO NOTHING;
INSERT INTO public.hardware_models VALUES ('20000000-0000-0000-0003-000000000034', '10000000-0000-0000-0000-000000000003', 'Nintendo Switch 2', 'console', 9) ON CONFLICT DO NOTHING;
INSERT INTO public.hardware_models VALUES ('dd3c5e81-7bce-424a-805f-7bea2aa3595e', '10000000-0000-0000-0000-000000000001', 'Playstation Portal', 'console', NULL) ON CONFLICT DO NOTHING;

-- ─── hardware_console_specs ────────────────────────────────────
INSERT INTO public.hardware_console_specs VALUES ('20000000-0000-0000-0001-000000000001', 1994, 2000, 'home', 'optical_disc', '640×480', 104) ON CONFLICT DO NOTHING;
INSERT INTO public.hardware_console_specs VALUES ('20000000-0000-0000-0001-000000000002', 1999, 2008, 'portable', 'optical_disc', NULL, 5) ON CONFLICT DO NOTHING;
INSERT INTO public.hardware_console_specs VALUES ('20000000-0000-0000-0001-000000000003', 2000, 2005, 'home', 'optical_disc', '640×480', 104) ON CONFLICT DO NOTHING;
INSERT INTO public.hardware_console_specs VALUES ('20000000-0000-0000-0001-000000000004', 2000, 2004, 'home', 'optical_disc', '480p', 150) ON CONFLICT DO NOTHING;
INSERT INTO public.hardware_console_specs VALUES ('20000000-0000-0000-0001-000000000005', 2003, 2016, 'hybrid', 'optical_disc', '480p', NULL) ON CONFLICT DO NOTHING;
INSERT INTO public.hardware_console_specs VALUES ('20000000-0000-0000-0001-000000000006', 2004, 2013, 'home', 'optical_disc', '480p', 150) ON CONFLICT DO NOTHING;
INSERT INTO public.hardware_console_specs VALUES ('20000000-0000-0000-0001-000000000007', 2005, 2007, 'portable', 'optical_disc', '480×272', 80) ON CONFLICT DO NOTHING;
INSERT INTO public.hardware_console_specs VALUES ('20000000-0000-0000-0001-000000000008', 2006, 2010, 'home', 'optical_disc', '1080p', 86) ON CONFLICT DO NOTHING;
INSERT INTO public.hardware_console_specs VALUES ('20000000-0000-0000-0001-000000000009', 2007, 2010, 'portable', 'optical_disc', '480×272', 80) ON CONFLICT DO NOTHING;
INSERT INTO public.hardware_console_specs VALUES ('20000000-0000-0000-0001-000000000010', 2008, 2014, 'portable', 'optical_disc', '480×272', 80) ON CONFLICT DO NOTHING;
INSERT INTO public.hardware_console_specs VALUES ('20000000-0000-0000-0001-000000000011', 2009, 2016, 'home', 'optical_disc', '1080p', 86) ON CONFLICT DO NOTHING;
INSERT INTO public.hardware_console_specs VALUES ('20000000-0000-0000-0001-000000000012', 2009, 2011, 'portable', 'digital', '480×272', 80) ON CONFLICT DO NOTHING;
INSERT INTO public.hardware_console_specs VALUES ('20000000-0000-0000-0001-000000000013', 2011, 2015, 'portable', 'optical_disc', '480×272', 80) ON CONFLICT DO NOTHING;
INSERT INTO public.hardware_console_specs VALUES ('20000000-0000-0000-0001-000000000014', 2012, 2017, 'home', 'optical_disc', '1080p', 86) ON CONFLICT DO NOTHING;
INSERT INTO public.hardware_console_specs VALUES ('20000000-0000-0000-0001-000000000015', 2011, 2016, 'portable', 'cartridge', '960×544', 16) ON CONFLICT DO NOTHING;
INSERT INTO public.hardware_console_specs VALUES ('20000000-0000-0000-0001-000000000016', 2013, 2017, 'home', 'optical_disc', '1080p', 117) ON CONFLICT DO NOTHING;
INSERT INTO public.hardware_console_specs VALUES ('20000000-0000-0000-0001-000000000017', 2014, 2017, 'portable', 'cartridge', '960×544', 16) ON CONFLICT DO NOTHING;
INSERT INTO public.hardware_console_specs VALUES ('20000000-0000-0000-0001-000000000018', 2016, 2022, 'home', 'optical_disc', '1080p', 117) ON CONFLICT DO NOTHING;
INSERT INTO public.hardware_console_specs VALUES ('20000000-0000-0000-0001-000000000019', 2017, 2022, 'home', 'optical_disc', '4K', 117) ON CONFLICT DO NOTHING;
INSERT INTO public.hardware_console_specs VALUES ('20000000-0000-0000-0001-000000000020', 2018, NULL, 'home', 'built_in', '480p', NULL) ON CONFLICT DO NOTHING;
INSERT INTO public.hardware_console_specs VALUES ('20000000-0000-0000-0001-000000000021', 2020, NULL, 'home', 'optical_disc', '4K', 67) ON CONFLICT DO NOTHING;
INSERT INTO public.hardware_console_specs VALUES ('20000000-0000-0000-0001-000000000022', 2020, NULL, 'home', 'digital', '4K', 67) ON CONFLICT DO NOTHING;
INSERT INTO public.hardware_console_specs VALUES ('20000000-0000-0000-0001-000000000023', 2023, NULL, 'home', 'hybrid', '4K', 67) ON CONFLICT DO NOTHING;
INSERT INTO public.hardware_console_specs VALUES ('20000000-0000-0000-0001-000000000024', 2024, NULL, 'home', 'digital', '4K', 67) ON CONFLICT DO NOTHING;
INSERT INTO public.hardware_console_specs VALUES ('20000000-0000-0000-0002-000000000001', 2001, 2006, 'home', 'optical_disc', '480p', 24) ON CONFLICT DO NOTHING;
INSERT INTO public.hardware_console_specs VALUES ('20000000-0000-0000-0002-000000000002', 2005, 2009, 'home', 'optical_disc', '720p', 85) ON CONFLICT DO NOTHING;
INSERT INTO public.hardware_console_specs VALUES ('20000000-0000-0000-0002-000000000003', 2005, 2009, 'home', 'optical_disc', '720p', 85) ON CONFLICT DO NOTHING;
INSERT INTO public.hardware_console_specs VALUES ('20000000-0000-0000-0002-000000000004', 2007, 2010, 'home', 'optical_disc', '1080p', 85) ON CONFLICT DO NOTHING;
INSERT INTO public.hardware_console_specs VALUES ('20000000-0000-0000-0002-000000000005', 2010, 2013, 'home', 'optical_disc', '1080p', 85) ON CONFLICT DO NOTHING;
INSERT INTO public.hardware_console_specs VALUES ('20000000-0000-0000-0002-000000000006', 2013, 2016, 'home', 'optical_disc', '1080p', 85) ON CONFLICT DO NOTHING;
INSERT INTO public.hardware_console_specs VALUES ('20000000-0000-0000-0002-000000000007', 2013, 2017, 'home', 'optical_disc', '1080p', 51) ON CONFLICT DO NOTHING;
INSERT INTO public.hardware_console_specs VALUES ('20000000-0000-0000-0002-000000000008', 2016, 2022, 'home', 'optical_disc', '1080p', 51) ON CONFLICT DO NOTHING;
INSERT INTO public.hardware_console_specs VALUES ('20000000-0000-0000-0002-000000000009', 2017, 2022, 'home', 'optical_disc', '4K', 51) ON CONFLICT DO NOTHING;
INSERT INTO public.hardware_console_specs VALUES ('20000000-0000-0000-0002-000000000010', 2019, 2022, 'home', 'digital', '1080p', 51) ON CONFLICT DO NOTHING;
INSERT INTO public.hardware_console_specs VALUES ('20000000-0000-0000-0002-000000000011', 2020, NULL, 'home', 'hybrid', '4K', 31) ON CONFLICT DO NOTHING;
INSERT INTO public.hardware_console_specs VALUES ('20000000-0000-0000-0002-000000000012', 2020, NULL, 'home', 'digital', '1440p', 31) ON CONFLICT DO NOTHING;
INSERT INTO public.hardware_console_specs VALUES ('20000000-0000-0000-0002-000000000013', 2024, NULL, 'home', 'digital', '1440p', 31) ON CONFLICT DO NOTHING;
INSERT INTO public.hardware_console_specs VALUES ('20000000-0000-0000-0002-000000000014', 2024, NULL, 'home', 'digital', '4K', 31) ON CONFLICT DO NOTHING;
INSERT INTO public.hardware_console_specs VALUES ('20000000-0000-0000-0002-000000000015', 2024, NULL, 'home', 'hybrid', '4K', 31) ON CONFLICT DO NOTHING;
INSERT INTO public.hardware_console_specs VALUES ('20000000-0000-0000-0003-000000000001', 1977, 1983, 'home', 'built_in', NULL, 3) ON CONFLICT DO NOTHING;
INSERT INTO public.hardware_console_specs VALUES ('20000000-0000-0000-0003-000000000002', 1980, 1991, 'portable', 'built_in', NULL, 40) ON CONFLICT DO NOTHING;
INSERT INTO public.hardware_console_specs VALUES ('20000000-0000-0000-0003-000000000003', 1983, 1993, 'home', 'cartridge', '256×240', 61) ON CONFLICT DO NOTHING;
INSERT INTO public.hardware_console_specs VALUES ('20000000-0000-0000-0003-000000000004', 1985, 1995, 'home', 'cartridge', '256×240', 61) ON CONFLICT DO NOTHING;
INSERT INTO public.hardware_console_specs VALUES ('20000000-0000-0000-0003-000000000005', 1993, 2003, 'home', 'cartridge', '256×240', 61) ON CONFLICT DO NOTHING;
INSERT INTO public.hardware_console_specs VALUES ('20000000-0000-0000-0003-000000000006', 1989, 1998, 'portable', 'cartridge', '160×144', 118) ON CONFLICT DO NOTHING;
INSERT INTO public.hardware_console_specs VALUES ('20000000-0000-0000-0003-000000000007', 1990, 1999, 'home', 'cartridge', '256×240', 49) ON CONFLICT DO NOTHING;
INSERT INTO public.hardware_console_specs VALUES ('20000000-0000-0000-0003-000000000008', 1995, 2000, 'portable', 'cartridge', '160×144', 118) ON CONFLICT DO NOTHING;
INSERT INTO public.hardware_console_specs VALUES ('20000000-0000-0000-0003-000000000009', 1997, 2003, 'portable', 'cartridge', '160×144', 56) ON CONFLICT DO NOTHING;
INSERT INTO public.hardware_console_specs VALUES ('20000000-0000-0000-0003-000000000010', 1995, 1996, 'portable', 'cartridge', '384×224', 0.77) ON CONFLICT DO NOTHING;
INSERT INTO public.hardware_console_specs VALUES ('20000000-0000-0000-0003-000000000011', 1996, 2003, 'home', 'cartridge', '640×480', 32) ON CONFLICT DO NOTHING;
INSERT INTO public.hardware_console_specs VALUES ('20000000-0000-0000-0003-000000000012', 1998, 2004, 'portable', 'cartridge', '160×144', 118) ON CONFLICT DO NOTHING;
INSERT INTO public.hardware_console_specs VALUES ('20000000-0000-0000-0003-000000000013', 2001, 2007, 'home', 'optical_disc', '480p', 21) ON CONFLICT DO NOTHING;
INSERT INTO public.hardware_console_specs VALUES ('20000000-0000-0000-0003-000000000014', 2001, 2008, 'portable', 'cartridge', '240×160', 81) ON CONFLICT DO NOTHING;
INSERT INTO public.hardware_console_specs VALUES ('20000000-0000-0000-0003-000000000015', 2003, 2008, 'portable', 'cartridge', '240×160', 43) ON CONFLICT DO NOTHING;
INSERT INTO public.hardware_console_specs VALUES ('20000000-0000-0000-0003-000000000016', 2004, 2008, 'portable', 'cartridge', '240×160', 2.4) ON CONFLICT DO NOTHING;
INSERT INTO public.hardware_console_specs VALUES ('20000000-0000-0000-0003-000000000017', 2004, 2007, 'portable', 'cartridge', '256×192', 154) ON CONFLICT DO NOTHING;
INSERT INTO public.hardware_console_specs VALUES ('20000000-0000-0000-0003-000000000018', 2006, 2016, 'home', 'optical_disc', '480p', 101) ON CONFLICT DO NOTHING;
INSERT INTO public.hardware_console_specs VALUES ('20000000-0000-0000-0003-000000000019', 2006, 2012, 'portable', 'cartridge', '256×192', 154) ON CONFLICT DO NOTHING;
INSERT INTO public.hardware_console_specs VALUES ('20000000-0000-0000-0003-000000000020', 2008, 2013, 'portable', 'cartridge', '256×192', 154) ON CONFLICT DO NOTHING;
INSERT INTO public.hardware_console_specs VALUES ('20000000-0000-0000-0003-000000000021', 2010, 2013, 'portable', 'cartridge', '256×192', 154) ON CONFLICT DO NOTHING;
INSERT INTO public.hardware_console_specs VALUES ('20000000-0000-0000-0003-000000000022', 2011, 2017, 'portable', 'cartridge', '400×240', 75) ON CONFLICT DO NOTHING;
INSERT INTO public.hardware_console_specs VALUES ('20000000-0000-0000-0003-000000000023', 2012, 2017, 'portable', 'cartridge', '400×240', 75) ON CONFLICT DO NOTHING;
INSERT INTO public.hardware_console_specs VALUES ('20000000-0000-0000-0003-000000000024', 2012, 2017, 'home', 'optical_disc', '1080p', 14) ON CONFLICT DO NOTHING;
INSERT INTO public.hardware_console_specs VALUES ('20000000-0000-0000-0003-000000000025', 2013, 2018, 'portable', 'cartridge', '400×240', 75) ON CONFLICT DO NOTHING;
INSERT INTO public.hardware_console_specs VALUES ('20000000-0000-0000-0003-000000000026', 2014, 2019, 'portable', 'cartridge', '400×240', 75) ON CONFLICT DO NOTHING;
INSERT INTO public.hardware_console_specs VALUES ('20000000-0000-0000-0003-000000000027', 2014, 2019, 'portable', 'cartridge', '400×240', 75) ON CONFLICT DO NOTHING;
INSERT INTO public.hardware_console_specs VALUES ('20000000-0000-0000-0003-000000000028', 2016, NULL, 'home', 'built_in', '480p', 2.3) ON CONFLICT DO NOTHING;
INSERT INTO public.hardware_console_specs VALUES ('20000000-0000-0000-0003-000000000029', 2017, 2020, 'portable', 'cartridge', '400×240', 75) ON CONFLICT DO NOTHING;
INSERT INTO public.hardware_console_specs VALUES ('20000000-0000-0000-0003-000000000030', 2017, NULL, 'home', 'built_in', '480p', 5.3) ON CONFLICT DO NOTHING;
INSERT INTO public.hardware_console_specs VALUES ('20000000-0000-0000-0003-000000000031', 2017, NULL, 'hybrid', 'cartridge', '1080p', 153) ON CONFLICT DO NOTHING;
INSERT INTO public.hardware_console_specs VALUES ('20000000-0000-0000-0003-000000000032', 2019, NULL, 'portable', 'cartridge', '720p', 153) ON CONFLICT DO NOTHING;
INSERT INTO public.hardware_console_specs VALUES ('20000000-0000-0000-0003-000000000033', 2021, NULL, 'hybrid', 'cartridge', '1080p', 153) ON CONFLICT DO NOTHING;
INSERT INTO public.hardware_console_specs VALUES ('20000000-0000-0000-0003-000000000034', 2025, NULL, 'hybrid', 'cartridge', '4K', 8.67) ON CONFLICT DO NOTHING;
INSERT INTO public.hardware_console_specs VALUES ('dd3c5e81-7bce-424a-805f-7bea2aa3595e', 2023, NULL, 'portable', 'digital', '1080p', NULL) ON CONFLICT DO NOTHING;

-- ─── hardware_editions ─────────────────────────────────────────
INSERT INTO public.hardware_editions VALUES ('d4156858-a9f0-4e64-9bb0-84d306a1eb78', '20000000-0000-0000-0001-000000000019', 'Death Stranding') ON CONFLICT DO NOTHING;
INSERT INTO public.hardware_editions VALUES ('3075f760-caf7-4e2c-930b-79da8cfedd49', '20000000-0000-0000-0001-000000000019', 'God of War') ON CONFLICT DO NOTHING;
INSERT INTO public.hardware_editions VALUES ('2dd5fff8-0549-4190-9a26-b5ff8d72a7fa', '20000000-0000-0000-0001-000000000019', 'Last of Us II') ON CONFLICT DO NOTHING;
INSERT INTO public.hardware_editions VALUES ('d2224a8f-db15-4cb4-ba5c-93ff7f955f97', '20000000-0000-0000-0001-000000000019', 'Monster Hunter') ON CONFLICT DO NOTHING;
INSERT INTO public.hardware_editions VALUES ('84d70003-59cc-489b-bba4-2689e7467b06', '20000000-0000-0000-0001-000000000019', 'Kingdom Hearts III') ON CONFLICT DO NOTHING;
INSERT INTO public.hardware_editions VALUES ('405a572b-e11e-4c71-9d6d-5017dafcd6d4', '20000000-0000-0000-0001-000000000019', 'Battlefront II') ON CONFLICT DO NOTHING;
INSERT INTO public.hardware_editions VALUES ('32bd5e91-0c70-4c69-9018-4e832d14759c', '20000000-0000-0000-0003-000000000031', 'Gris') ON CONFLICT DO NOTHING;
INSERT INTO public.hardware_editions VALUES ('ca1cb9bf-913f-4e6d-99ad-d73c57790e25', '20000000-0000-0000-0003-000000000031', 'Azul neón / Rojo neón') ON CONFLICT DO NOTHING;
INSERT INTO public.hardware_editions VALUES ('b0018a44-b9cc-4209-bdb1-e6ff86818819', '20000000-0000-0000-0003-000000000031', 'Splatoon 2') ON CONFLICT DO NOTHING;
INSERT INTO public.hardware_editions VALUES ('6ac476b4-3925-42af-af90-8f8c789fabc5', '20000000-0000-0000-0003-000000000031', 'Pokémon Let’s Go') ON CONFLICT DO NOTHING;
INSERT INTO public.hardware_editions VALUES ('05544dcd-ee23-45a7-aa56-54216a119ea3', '20000000-0000-0000-0003-000000000031', 'Animal Crossing: New Horizons') ON CONFLICT DO NOTHING;
INSERT INTO public.hardware_editions VALUES ('d41aa2b2-f8a9-4759-b6bb-26a1f79d52f7', '20000000-0000-0000-0003-000000000031', 'Super Mario Odyssey') ON CONFLICT DO NOTHING;
INSERT INTO public.hardware_editions VALUES ('861727b6-2cdf-4230-9636-396750afcae3', '20000000-0000-0000-0003-000000000031', 'Super Mario 3D World') ON CONFLICT DO NOTHING;
INSERT INTO public.hardware_editions VALUES ('196e508d-eaf1-4ece-bbc6-e3e64ec9483e', '20000000-0000-0000-0003-000000000031', 'Nintendo Labo') ON CONFLICT DO NOTHING;
INSERT INTO public.hardware_editions VALUES ('bee5cbdd-f696-42df-9d92-aa7a4b5ede6b', '20000000-0000-0000-0003-000000000031', 'Monster Hunter Rise') ON CONFLICT DO NOTHING;
INSERT INTO public.hardware_editions VALUES ('0b9c6752-fe9e-4f83-bd36-13b5b1e347f5', '20000000-0000-0000-0003-000000000031', 'Fortnite') ON CONFLICT DO NOTHING;
INSERT INTO public.hardware_editions VALUES ('0d61a209-cb41-4479-b6e2-1088281f3883', '20000000-0000-0000-0003-000000000031', 'Diablo III') ON CONFLICT DO NOTHING;
INSERT INTO public.hardware_editions VALUES ('1f9a92f7-08d6-4075-830e-dc64e6c98d64', '20000000-0000-0000-0003-000000000031', 'Super Smash Bros Ultimate') ON CONFLICT DO NOTHING;
INSERT INTO public.hardware_editions VALUES ('7c1b55e9-9dfd-4693-b2e2-511329bc13cf', '20000000-0000-0000-0003-000000000031', 'Trials of Mana') ON CONFLICT DO NOTHING;
INSERT INTO public.hardware_editions VALUES ('d11887dc-9b77-49f0-82e0-37cab6e42397', '20000000-0000-0000-0003-000000000031', 'Monster Hunter Generations') ON CONFLICT DO NOTHING;
INSERT INTO public.hardware_editions VALUES ('1683bdc6-ef0a-4dc0-bf3e-aa8a89b5930d', '20000000-0000-0000-0003-000000000031', 'Dragon Quest XI S') ON CONFLICT DO NOTHING;
INSERT INTO public.hardware_editions VALUES ('fa45132b-5abf-4665-b8fa-9a754247f8e7', '20000000-0000-0000-0003-000000000031', 'Disney Tsum Tsum') ON CONFLICT DO NOTHING;
INSERT INTO public.hardware_editions VALUES ('7081daaf-cb1e-459d-a07d-6ad810a4f365', '20000000-0000-0000-0003-000000000032', 'Pokémon Espada y Escudo') ON CONFLICT DO NOTHING;
INSERT INTO public.hardware_editions VALUES ('d1531fac-a3d4-45c4-b59e-5b5f980781b4', '20000000-0000-0000-0003-000000000032', 'Jack Jeanne') ON CONFLICT DO NOTHING;
INSERT INTO public.hardware_editions VALUES ('382a28dd-afd0-48b9-8cbf-83807213a074', '20000000-0000-0000-0003-000000000032', 'Azul') ON CONFLICT DO NOTHING;
INSERT INTO public.hardware_editions VALUES ('4e539fad-6298-4050-b7e4-1d19267950da', '20000000-0000-0000-0003-000000000032', 'Coral') ON CONFLICT DO NOTHING;
INSERT INTO public.hardware_editions VALUES ('0511ba4b-295b-4201-99a3-74babcf5261e', '20000000-0000-0000-0003-000000000032', 'Amarillo') ON CONFLICT DO NOTHING;
INSERT INTO public.hardware_editions VALUES ('e6b7b07a-7a43-40db-9527-84f29709d64c', '20000000-0000-0000-0003-000000000032', 'Turquesa') ON CONFLICT DO NOTHING;
INSERT INTO public.hardware_editions VALUES ('4fcaac1c-c986-473b-b0c9-33f4419dec8b', '20000000-0000-0000-0003-000000000032', 'Gris') ON CONFLICT DO NOTHING;
INSERT INTO public.hardware_editions VALUES ('444a83a5-c12b-4cef-9ab1-cdfbc87d965d', '20000000-0000-0000-0003-000000000033', 'Splatoon 3') ON CONFLICT DO NOTHING;
INSERT INTO public.hardware_editions VALUES ('8886cb07-1bbf-4e8c-8b57-303133bd738d', '20000000-0000-0000-0003-000000000033', 'Pokémon Escarlata y Púrpura') ON CONFLICT DO NOTHING;
INSERT INTO public.hardware_editions VALUES ('f149a271-89e8-4f96-8dc2-706b6e5fb711', '20000000-0000-0000-0003-000000000033', 'Blanca') ON CONFLICT DO NOTHING;
INSERT INTO public.hardware_editions VALUES ('f6b58480-3efe-48b3-8cd4-6dad11396c40', '20000000-0000-0000-0003-000000000033', 'Azul neón / Rojo neón') ON CONFLICT DO NOTHING;
INSERT INTO public.hardware_editions VALUES ('ae92d9a9-d6de-4b9c-b392-c33fb545ee2f', '20000000-0000-0000-0003-000000000032', 'Hyrule') ON CONFLICT DO NOTHING;
INSERT INTO public.hardware_editions VALUES ('5c689431-0639-422b-8e4e-4ca5f4306b70', 'dd3c5e81-7bce-424a-805f-7bea2aa3595e', '30th Anniversary') ON CONFLICT DO NOTHING;
INSERT INTO public.hardware_editions VALUES ('805990cb-6f06-4581-aab1-1a3cfe6af9f9', '20000000-0000-0000-0001-000000000023', '30th Anniversary') ON CONFLICT DO NOTHING;
INSERT INTO public.hardware_editions VALUES ('8aa26ae5-0eb6-4280-bef1-78b984a7da96', '20000000-0000-0000-0001-000000000018', 'Days of Play (Titanio)') ON CONFLICT DO NOTHING;
INSERT INTO public.hardware_editions VALUES ('972b59c1-ba9e-4232-9d94-46ec1961fa79', '20000000-0000-0000-0001-000000000018', 'Days of Play (Azul)') ON CONFLICT DO NOTHING;
INSERT INTO public.hardware_editions VALUES ('844004e4-4459-4308-b0f7-3a0313eb8a27', '20000000-0000-0000-0003-000000000013', 'Spice Orange') ON CONFLICT DO NOTHING;
INSERT INTO public.hardware_editions VALUES ('78505aee-fbeb-4b32-9499-413dac5a86ef', '20000000-0000-0000-0003-000000000020', 'Pokémon Negro') ON CONFLICT DO NOTHING;

COMMIT;
